ID,Name,Age,Country,Salary,Department
1,User_1,62,USA,45834,Finance
2,User_2,59,Germany,46471,HR
3,User_3,45,Canada,98883,Engineering
4,User_4,64,Canada,53933,HR
5,User_5,56,USA,80861,HR
6,User_6,22,Canada,76241,Engineering
7,User_7,36,India,112574,Marketing
8,User_8,18,UK,107533,Marketing
9,User_9,61,USA,54010,Sales
10,User_10,30,Germany,96243,HR
11,User_11,44,USA,110645,Marketing
12,User_12,22,India,31904,Engineering
13,User_13,18,USA,113139,Marketing
14,User_14,61,Germany,32444,Engineering
15,User_15,20,India,44688,Sales
16,User_16,51,UK,107644,Sales
17,User_17,21,USA,55233,Finance
18,User_18,42,USA,78874,Sales
19,User_19,39,Germany,118537,Marketing
20,User_20,52,UK,55640,HR
21,User_21,23,USA,101095,Marketing
22,User_22,33,USA,86647,Sales
23,User_23,52,Canada,52961,Sales
24,User_24,46,Germany,106937,Finance
25,User_25,60,Germany,115227,Marketing
26,User_26,45,Canada,99855,Marketing
27,User_27,22,UK,117812,Marketing
28,User_28,40,Germany,87620,Engineering
29,User_29,57,Germany,54388,Engineering
30,User_30,50,India,82726,HR
31,User_31,26,India,92565,Marketing
32,User_32,47,USA,34843,Marketing
33,User_33,20,Germany,43323,Engineering
34,User_34,18,UK,99573,Engineering
35,User_35,46,Germany,83955,Engineering
36,User_36,43,Germany,39149,Sales
37,User_37,40,Canada,95057,HR
38,User_38,62,India,78677,Finance
39,User_39,20,Canada,43249,HR
40,User_40,49,UK,88352,Engineering
41,User_41,53,India,56589,Marketing
42,User_42,25,UK,47858,Engineering
43,User_43,46,Canada,46228,Finance
44,User_44,62,Germany,107754,HR
45,User_45,57,Germany,104256,Marketing
46,User_46,19,UK,89126,HR
47,User_47,23,India,108489,Sales
48,User_48,36,Germany,105880,Sales
49,User_49,64,UK,99048,Marketing
50,User_50,42,India,46890,Sales
51,User_51,38,India,71750,Finance
52,User_52,21,USA,86381,Engineering
53,User_53,22,USA,96148,Sales
54,User_54,46,UK,65736,Engineering
55,User_55,45,India,59920,Finance
56,User_56,57,Germany,68506,Engineering
57,User_57,27,UK,40081,Sales
58,User_58,56,Germany,112364,Marketing
59,User_59,59,Canada,40167,Finance
60,User_60,55,UK,75651,Sales
61,User_61,36,Canada,110997,HR
62,User_62,34,Canada,41629,Sales
63,User_63,55,India,61466,HR
64,User_64,38,USA,72013,Finance
65,User_65,26,Canada,75508,Sales
66,User_66,61,USA,48560,Engineering
67,User_67,37,India,64708,Engineering
68,User_68,52,USA,35850,Finance
69,User_69,64,Canada,67313,Sales
70,User_70,34,Germany,91821,HR
71,User_71,42,Canada,63230,Sales
72,User_72,32,UK,74803,Sales
73,User_73,52,UK,77561,HR
74,User_74,21,USA,35539,Finance
75,User_75,43,UK,85304,Engineering
76,User_76,31,USA,97307,Sales
77,User_77,55,USA,90983,Sales
78,User_78,57,USA,73862,Sales
79,User_79,27,Germany,102829,Finance
80,User_80,27,India,104802,Finance
81,User_81,21,Canada,34805,Sales
82,User_82,61,Canada,119165,Engineering
83,User_83,39,India,37499,Engineering
84,User_84,39,USA,83283,Finance
85,User_85,24,UK,86404,Finance
86,User_86,46,India,55605,Engineering
87,User_87,42,UK,107519,Marketing
88,User_88,57,Germany,76143,Sales
89,User_89,45,UK,40731,Engineering
90,User_90,33,Canada,100186,Sales
91,User_91,56,Germany,84661,Finance
92,User_92,28,USA,117806,Sales
93,User_93,30,Canada,51906,Marketing
94,User_94,20,Canada,55495,Finance
95,User_95,34,UK,115011,Engineering
96,User_96,38,UK,102010,Sales
97,User_97,24,Germany,78364,HR
98,User_98,57,USA,81919,Finance
99,User_99,42,India,114997,Marketing
100,User_100,29,Germany,78281,Marketing
101,User_101,48,Canada,88902,Sales
102,User_102,59,Germany,50222,Engineering
103,User_103,58,Germany,104896,Sales
104,User_104,41,USA,76866,Engineering
105,User_105,37,USA,88736,Marketing
106,User_106,45,India,77429,Finance
107,User_107,30,Canada,87478,Engineering
108,User_108,21,India,41477,Finance
109,User_109,63,USA,36915,Marketing
110,User_110,43,Germany,54175,Marketing
111,User_111,59,Germany,113558,HR
112,User_112,42,UK,117124,Finance
113,User_113,30,Germany,92556,Engineering
114,User_114,56,Canada,39960,Sales
115,User_115,35,India,111190,Finance
116,User_116,49,USA,51922,Sales
117,User_117,42,UK,118285,Engineering
118,User_118,38,India,76989,Finance
119,User_119,25,Canada,84904,Marketing
120,User_120,41,Germany,78303,HR
121,User_121,59,Germany,97058,Marketing
122,User_122,53,Canada,82552,Marketing
123,User_123,64,India,84408,Marketing
124,User_124,58,UK,111494,Finance
125,User_125,22,USA,43628,Finance
126,User_126,22,UK,71251,HR
127,User_127,63,India,78778,Marketing
128,User_128,34,UK,84181,Engineering
129,User_129,58,Canada,57539,Finance
130,User_130,51,India,54433,Marketing
131,User_131,34,Canada,96072,HR
132,User_132,42,India,36439,HR
133,User_133,23,India,69516,Marketing
134,User_134,52,India,44781,Finance
135,User_135,52,India,104051,Finance
136,User_136,51,USA,42580,Engineering
137,User_137,28,India,71815,Sales
138,User_138,28,Canada,87418,Marketing
139,User_139,18,UK,55181,Finance
140,User_140,45,USA,107549,Engineering
141,User_141,32,USA,46850,Sales
142,User_142,23,UK,85944,HR
143,User_143,55,Germany,46188,Finance
144,User_144,26,India,109459,Engineering
145,User_145,47,India,108836,Marketing
146,User_146,18,Canada,36263,Finance
147,User_147,51,USA,58977,HR
148,User_148,55,Germany,69567,HR
149,User_149,55,USA,67358,HR
150,User_150,50,Germany,68058,Sales
151,User_151,44,Germany,116417,HR
152,User_152,39,India,67592,Finance
153,User_153,64,USA,52627,Engineering
154,User_154,38,UK,31826,Finance
155,User_155,21,India,46389,Finance
156,User_156,52,India,51846,Sales
157,User_157,51,Germany,46369,Finance
158,User_158,25,USA,33466,Sales
159,User_159,44,Germany,63285,HR
160,User_160,57,Germany,41112,Engineering
161,User_161,60,Germany,71015,Marketing
162,User_162,19,Canada,73817,Finance
163,User_163,57,USA,79748,Marketing
164,User_164,52,USA,66980,HR
165,User_165,48,UK,86627,Marketing
166,User_166,53,USA,33948,Marketing
167,User_167,44,USA,115882,Engineering
168,User_168,59,Canada,90108,Engineering
169,User_169,51,USA,50859,Sales
170,User_170,42,Canada,83197,Marketing
171,User_171,47,Germany,52221,Engineering
172,User_172,59,Canada,52991,Engineering
173,User_173,45,India,105379,Engineering
174,User_174,27,India,57053,Sales
175,User_175,60,USA,81948,Finance
176,User_176,63,Germany,87613,Engineering
177,User_177,29,USA,76314,Finance
178,User_178,26,UK,98638,Finance
179,User_179,64,Germany,95888,Engineering
180,User_180,60,Canada,73754,Sales
181,User_181,24,Germany,119368,HR
182,User_182,58,Canada,95746,HR
183,User_183,32,USA,109665,Marketing
184,User_184,39,India,109620,Sales
185,User_185,42,USA,111804,HR
186,User_186,21,India,74445,Engineering
187,User_187,29,USA,44150,Sales
188,User_188,44,Germany,38005,Finance
189,User_189,59,India,59236,Sales
190,User_190,37,UK,108429,Sales
191,User_191,30,Canada,56417,Finance
192,User_192,64,UK,44157,Engineering
193,User_193,61,USA,92890,Finance
194,User_194,64,UK,30050,Engineering
195,User_195,46,UK,100333,Engineering
196,User_196,19,Germany,99226,Sales
197,User_197,40,Canada,61208,Sales
198,User_198,43,India,46315,Engineering
199,User_199,48,USA,68473,Engineering
200,User_200,24,Canada,53239,Engineering
201,User_201,42,Canada,74895,HR
202,User_202,46,Germany,116365,Sales
203,User_203,62,USA,98573,Finance
204,User_204,19,UK,30589,Sales
205,User_205,43,UK,119955,Marketing
206,User_206,46,Germany,97039,Sales
207,User_207,50,Canada,64009,Marketing
208,User_208,39,UK,98951,Marketing
209,User_209,31,USA,47503,Finance
210,User_210,29,USA,100841,Sales
211,User_211,61,Canada,51760,HR
212,User_212,48,UK,64924,HR
213,User_213,46,USA,38199,Sales
214,User_214,28,UK,41225,Finance
215,User_215,59,UK,81776,Finance
216,User_216,29,Germany,47309,Sales
217,User_217,28,UK,73118,HR
218,User_218,42,USA,82440,Finance
219,User_219,27,India,105662,HR
220,User_220,41,Canada,86027,Marketing
221,User_221,27,India,51989,Engineering
222,User_222,24,USA,91108,HR
223,User_223,19,Germany,70747,Sales
224,User_224,27,India,54693,Marketing
225,User_225,30,India,54599,Sales
226,User_226,38,UK,103006,Engineering
227,User_227,36,Germany,74893,HR
228,User_228,29,USA,78005,Engineering
229,User_229,54,USA,99101,Marketing
230,User_230,44,Canada,102431,HR
231,User_231,59,Germany,76065,Engineering
232,User_232,46,Canada,48886,Marketing
233,User_233,31,Canada,105297,Engineering
234,User_234,28,USA,79723,Sales
235,User_235,23,Canada,116827,HR
236,User_236,45,UK,98449,Finance
237,User_237,48,Canada,70283,Engineering
238,User_238,34,Germany,63991,Sales
239,User_239,63,Germany,66541,HR
240,User_240,22,USA,91552,Engineering
241,User_241,40,Canada,116603,Sales
242,User_242,57,India,69749,Sales
243,User_243,48,Canada,39090,Marketing
244,User_244,58,USA,56948,HR
245,User_245,43,Canada,74774,Finance
246,User_246,20,India,89341,Marketing
247,User_247,21,USA,43878,Finance
248,User_248,20,Canada,58231,Sales
249,User_249,62,India,33399,Sales
250,User_250,59,USA,109938,Engineering
251,User_251,25,Germany,59589,Finance
252,User_252,55,Germany,48995,Engineering
253,User_253,36,Canada,49016,HR
254,User_254,39,Canada,92595,Finance
255,User_255,24,India,33295,Sales
256,User_256,61,India,50434,Sales
257,User_257,24,USA,93570,Engineering
258,User_258,47,UK,55650,Marketing
259,User_259,42,UK,57815,Sales
260,User_260,33,USA,69441,Marketing
261,User_261,20,Germany,115111,Finance
262,User_262,62,Germany,33971,Marketing
263,User_263,29,USA,100114,HR
264,User_264,22,Germany,31360,Marketing
265,User_265,60,Germany,99354,HR
266,User_266,41,Germany,76236,Engineering
267,User_267,47,USA,65011,Sales
268,User_268,63,Germany,108439,Finance
269,User_269,36,UK,91190,Finance
270,User_270,60,USA,116949,Engineering
271,User_271,42,USA,47738,Finance
272,User_272,34,Germany,40646,HR
273,User_273,31,UK,86667,Engineering
274,User_274,49,UK,111248,Marketing
275,User_275,28,India,116605,Marketing
276,User_276,63,India,64109,Engineering
277,User_277,57,UK,95062,Marketing
278,User_278,34,USA,80670,Finance
279,User_279,61,Canada,46282,Sales
280,User_280,42,UK,36083,Marketing
281,User_281,62,Germany,102355,Marketing
282,User_282,32,UK,31597,Finance
283,User_283,39,UK,59869,Engineering
284,User_284,50,Germany,50312,Sales
285,User_285,34,India,70009,HR
286,User_286,29,Germany,41852,HR
287,User_287,60,Germany,99461,Marketing
288,User_288,61,USA,67666,Marketing
289,User_289,33,UK,71842,Sales
290,User_290,23,UK,39866,Engineering
291,User_291,64,UK,45362,HR
292,User_292,60,Germany,83001,Sales
293,User_293,32,Germany,76628,Finance
294,User_294,22,Canada,52920,HR
295,User_295,54,Canada,56815,Sales
296,User_296,46,UK,112632,HR
297,User_297,37,Germany,78682,Finance
298,User_298,32,UK,93866,Engineering
299,User_299,43,Germany,47011,Marketing
300,User_300,57,India,102132,Finance
301,User_301,26,Canada,60109,Sales
302,User_302,53,Germany,51296,HR
303,User_303,48,Canada,39274,HR
304,User_304,28,Canada,62831,Finance
305,User_305,53,Canada,50481,Engineering
306,User_306,62,India,34649,Engineering
307,User_307,36,USA,66117,Engineering
308,User_308,32,Germany,109865,HR
309,User_309,36,Germany,57001,Finance
310,User_310,20,Germany,68257,Marketing
311,User_311,29,Canada,35349,Marketing
312,User_312,23,USA,41878,Sales
313,User_313,30,Germany,118552,Sales
314,User_314,54,Germany,113890,Sales
315,User_315,21,UK,89605,Marketing
316,User_316,48,Canada,53167,Sales
317,User_317,43,USA,91820,Marketing
318,User_318,23,Germany,106050,Engineering
319,User_319,35,UK,99195,HR
320,User_320,47,USA,38030,Sales
321,User_321,47,UK,101127,Engineering
322,User_322,59,Germany,31248,Marketing
323,User_323,60,Germany,88658,Finance
324,User_324,38,India,85247,Engineering
325,User_325,22,India,74969,Sales
326,User_326,63,Germany,68323,Marketing
327,User_327,42,UK,116784,Finance
328,User_328,31,Germany,32089,Finance
329,User_329,46,Germany,61618,Sales
330,User_330,36,Germany,68572,HR
331,User_331,53,UK,97766,Engineering
332,User_332,24,UK,116340,Marketing
333,User_333,60,Germany,42656,HR
334,User_334,28,USA,93105,Engineering
335,User_335,56,UK,78274,Engineering
336,User_336,21,India,107482,HR
337,User_337,35,Germany,99689,Finance
338,User_338,22,Germany,80845,HR
339,User_339,49,Canada,55167,Engineering
340,User_340,44,India,76416,Finance
341,User_341,35,Canada,92652,HR
342,User_342,22,USA,79054,HR
343,User_343,62,Germany,36951,Finance
344,User_344,27,India,117964,Engineering
345,User_345,64,India,87491,Marketing
346,User_346,48,Germany,59584,Engineering
347,User_347,51,India,63613,Engineering
348,User_348,57,UK,105257,HR
349,User_349,46,UK,66386,Marketing
350,User_350,27,Germany,71311,Sales
351,User_351,48,UK,34049,Engineering
352,User_352,60,UK,95664,Engineering
353,User_353,19,USA,56439,Marketing
354,User_354,57,Germany,75132,HR
355,User_355,63,Germany,66726,Engineering
356,User_356,47,Germany,57833,Engineering
357,User_357,45,USA,95867,Finance
358,User_358,26,India,59446,Engineering
359,User_359,28,Germany,116993,Finance
360,User_360,24,Canada,63943,Sales
361,User_361,29,Canada,76618,Engineering
362,User_362,22,Germany,55263,Engineering
363,User_363,31,India,48820,Marketing
364,User_364,37,Canada,38624,Finance
365,User_365,23,UK,102143,Finance
366,User_366,35,India,57127,Finance
367,User_367,36,UK,38448,Sales
368,User_368,23,UK,37637,Engineering
369,User_369,36,USA,93245,HR
370,User_370,47,UK,112201,Engineering
371,User_371,33,Germany,86085,Engineering
372,User_372,60,USA,39332,Finance
373,User_373,20,UK,62813,Engineering
374,User_374,34,Germany,100878,Finance
375,User_375,62,UK,69458,Finance
376,User_376,49,UK,117703,Engineering
377,User_377,33,UK,72402,Engineering
378,User_378,55,India,78246,Sales
379,User_379,35,Germany,78050,Sales
380,User_380,59,USA,62589,Finance
381,User_381,39,India,56218,Finance
382,User_382,30,Germany,43125,Sales
383,User_383,46,India,42198,Engineering
384,User_384,41,Canada,65311,Marketing
385,User_385,32,India,104934,Engineering
386,User_386,21,Canada,108256,Engineering
387,User_387,20,Germany,64512,Sales
388,User_388,44,Germany,58556,Sales
389,User_389,48,USA,115828,Marketing
390,User_390,31,Germany,110685,Sales
391,User_391,21,UK,71330,Finance
392,User_392,26,India,73761,Engineering
393,User_393,59,UK,57929,Marketing
394,User_394,64,India,54119,HR
395,User_395,46,USA,108472,Marketing
396,User_396,42,India,30710,HR
397,User_397,36,India,35807,Engineering
398,User_398,45,UK,34250,Sales
399,User_399,23,Canada,109519,Finance
400,User_400,34,Germany,73059,Sales
401,User_401,51,USA,95215,HR
402,User_402,36,UK,75122,Sales
403,User_403,19,USA,45207,HR
404,User_404,63,UK,94663,Marketing
405,User_405,29,USA,90377,Engineering
406,User_406,58,India,31668,HR
407,User_407,58,USA,114056,HR
408,User_408,48,India,96612,Sales
409,User_409,28,Canada,113241,Marketing
410,User_410,55,UK,31414,Marketing
411,User_411,19,USA,94410,Finance
412,User_412,37,USA,82208,Marketing
413,User_413,19,Germany,106483,Marketing
414,User_414,50,Germany,71154,Sales
415,User_415,57,Canada,101482,Engineering
416,User_416,64,Germany,79860,Finance
417,User_417,46,Canada,104652,Sales
418,User_418,56,USA,37667,Engineering
419,User_419,22,USA,34171,Sales
420,User_420,39,Germany,48584,Marketing
421,User_421,61,USA,60037,Finance
422,User_422,34,USA,88484,Finance
423,User_423,57,UK,78334,HR
424,User_424,51,Germany,76989,HR
425,User_425,42,USA,117209,Engineering
426,User_426,33,UK,58118,Engineering
427,User_427,31,UK,86137,Engineering
428,User_428,32,Canada,40371,HR
429,User_429,19,India,43963,HR
430,User_430,43,UK,60484,Finance
431,User_431,52,USA,109961,Finance
432,User_432,47,UK,105980,Marketing
433,User_433,37,USA,42755,Finance
434,User_434,43,Germany,115272,Sales
435,User_435,56,Germany,106520,Marketing
436,User_436,60,USA,60611,HR
437,User_437,59,UK,108488,Finance
438,User_438,45,UK,108953,Engineering
439,User_439,49,UK,72316,Marketing
440,User_440,49,India,96816,Finance
441,User_441,63,UK,65418,Marketing
442,User_442,41,USA,119577,HR
443,User_443,52,UK,70990,Engineering
444,User_444,38,UK,39471,Finance
445,User_445,62,USA,79673,Marketing
446,User_446,48,Germany,74942,Marketing
447,User_447,23,Canada,70323,Marketing
448,User_448,52,India,108170,Engineering
449,User_449,52,Canada,31345,Marketing
450,User_450,25,UK,40362,Engineering
451,User_451,19,UK,76140,HR
452,User_452,43,UK,72606,Engineering
453,User_453,60,USA,116727,Marketing
454,User_454,58,USA,54415,Marketing
455,User_455,54,Germany,75987,Marketing
456,User_456,24,UK,66357,Sales
457,User_457,18,Canada,115383,Engineering
458,User_458,31,India,36388,Finance
459,User_459,34,USA,73622,HR
460,User_460,19,Canada,51689,Sales
461,User_461,61,Canada,62349,HR
462,User_462,28,Germany,100840,Engineering
463,User_463,24,Canada,96790,Marketing
464,User_464,35,Canada,45047,Engineering
465,User_465,20,USA,95326,Finance
466,User_466,63,India,106498,Engineering
467,User_467,31,Canada,60543,Marketing
468,User_468,41,India,54149,Finance
469,User_469,59,Canada,79085,Marketing
470,User_470,52,India,31532,Marketing
471,User_471,31,USA,71057,Sales
472,User_472,60,UK,60825,HR
473,User_473,52,Germany,119676,Sales
474,User_474,29,USA,49012,Engineering
475,User_475,42,Canada,39350,HR
476,User_476,21,India,45139,Marketing
477,User_477,59,UK,94263,Marketing
478,User_478,26,UK,40944,Marketing
479,User_479,44,USA,69520,Marketing
480,User_480,46,Canada,85748,Sales
481,User_481,33,USA,69953,Engineering
482,User_482,30,Canada,76047,HR
483,User_483,58,India,110204,Sales
484,User_484,21,Germany,101749,Finance
485,User_485,22,India,72854,Sales
486,User_486,37,India,75668,HR
487,User_487,35,India,52712,Finance
488,User_488,62,Germany,48969,Finance
489,User_489,45,Canada,59444,Engineering
490,User_490,35,Germany,61908,HR
491,User_491,56,Germany,65102,Finance
492,User_492,19,USA,49110,HR
493,User_493,37,UK,40272,HR
494,User_494,47,India,118571,Sales
495,User_495,40,Germany,40653,Sales
496,User_496,63,USA,101049,Finance
497,User_497,24,UK,113143,Marketing
498,User_498,62,Germany,111056,Marketing
499,User_499,53,USA,116744,HR
500,User_500,21,Canada,115433,Engineering
501,User_501,27,Canada,57662,Marketing
502,User_502,62,Germany,118383,Finance
503,User_503,63,UK,98295,Sales
504,User_504,54,USA,93352,Marketing
505,User_505,20,USA,106102,HR
506,User_506,36,Germany,117424,Engineering
507,User_507,60,UK,51695,Marketing
508,User_508,19,Canada,59495,Sales
509,User_509,42,UK,115748,Sales
510,User_510,20,Germany,73742,HR
511,User_511,24,Germany,48391,Marketing
512,User_512,44,Germany,51357,Sales
513,User_513,24,USA,51441,Engineering
514,User_514,40,Canada,58749,Engineering
515,User_515,51,India,56262,Marketing
516,User_516,36,Canada,80574,HR
517,User_517,40,India,47492,HR
518,User_518,34,USA,61422,Sales
519,User_519,45,USA,63544,Engineering
520,User_520,25,USA,31089,Marketing
521,User_521,21,USA,71724,Marketing
522,User_522,36,Canada,102484,Engineering
523,User_523,59,Germany,35944,Marketing
524,User_524,40,UK,103127,Engineering
525,User_525,50,Canada,84410,Marketing
526,User_526,58,USA,70084,Finance
527,User_527,54,UK,89872,Engineering
528,User_528,42,India,119911,Finance
529,User_529,43,India,49938,Sales
530,User_530,55,UK,49559,HR
531,User_531,58,India,108230,HR
532,User_532,62,Germany,71336,Marketing
533,User_533,56,UK,46489,Finance
534,User_534,56,USA,42494,HR
535,User_535,35,Germany,54551,HR
536,User_536,24,USA,92155,Finance
537,User_537,28,India,101140,Finance
538,User_538,18,Canada,42689,Marketing
539,User_539,56,USA,35577,Finance
540,User_540,48,Canada,49066,Engineering
541,User_541,54,USA,89104,Sales
542,User_542,59,UK,99990,Engineering
543,User_543,27,USA,77455,Sales
544,User_544,37,India,86710,Marketing
545,User_545,39,USA,32283,Finance
546,User_546,62,India,78226,HR
547,User_547,48,India,63045,Marketing
548,User_548,18,Canada,31022,Finance
549,User_549,57,India,52506,Finance
550,User_550,45,Germany,37719,Engineering
551,User_551,50,USA,82856,Engineering
552,User_552,42,USA,115375,HR
553,User_553,45,UK,63487,Finance
554,User_554,23,India,114384,Finance
555,User_555,37,Germany,46188,Sales
556,User_556,63,Germany,45206,Finance
557,User_557,56,UK,44788,Finance
558,User_558,45,UK,79454,Marketing
559,User_559,28,Germany,38227,Marketing
560,User_560,20,USA,45333,Finance
561,User_561,52,India,99993,Engineering
562,User_562,40,UK,80859,Engineering
563,User_563,41,UK,103636,Marketing
564,User_564,23,UK,56168,Finance
565,User_565,56,India,53175,Engineering
566,User_566,42,USA,79975,Finance
567,User_567,24,India,105874,Finance
568,User_568,39,USA,72597,HR
569,User_569,31,Germany,103174,Marketing
570,User_570,22,Canada,91158,Finance
571,User_571,31,Canada,106505,Engineering
572,User_572,28,UK,60864,Marketing
573,User_573,24,UK,57358,Marketing
574,User_574,39,Germany,41289,Finance
575,User_575,20,Germany,98424,Marketing
576,User_576,55,USA,39416,HR
577,User_577,63,USA,37929,Finance
578,User_578,36,Canada,71094,Finance
579,User_579,49,USA,34480,Marketing
580,User_580,57,UK,33216,HR
581,User_581,53,UK,49271,Sales
582,User_582,31,USA,85129,Engineering
583,User_583,38,USA,32344,Engineering
584,User_584,64,Canada,112217,Engineering
585,User_585,50,India,84691,Finance
586,User_586,24,UK,43860,Marketing
587,User_587,48,UK,31373,Finance
588,User_588,49,UK,47836,Sales
589,User_589,52,Canada,41693,Sales
590,User_590,62,Germany,112999,Engineering
591,User_591,25,Germany,113973,Marketing
592,User_592,53,USA,71689,Sales
593,User_593,46,USA,95225,HR
594,User_594,36,India,96913,Finance
595,User_595,61,UK,83840,HR
596,User_596,33,USA,119032,Marketing
597,User_597,22,UK,76364,Marketing
598,User_598,26,Canada,97669,Sales
599,User_599,45,Canada,79963,Finance
600,User_600,27,USA,61920,Sales
601,User_601,49,Canada,115922,Engineering
602,User_602,49,USA,39477,Finance
603,User_603,40,USA,31550,Finance
604,User_604,44,Germany,106204,HR
605,User_605,42,India,82603,Sales
606,User_606,20,Germany,60994,Sales
607,User_607,33,Canada,101633,HR
608,User_608,57,Germany,91262,Marketing
609,User_609,28,UK,52393,Finance
610,User_610,63,Canada,41838,Finance
611,User_611,53,Canada,82503,Sales
612,User_612,25,Germany,98403,Engineering
613,User_613,34,Canada,45994,Marketing
614,User_614,20,USA,40414,HR
615,User_615,61,India,110558,Finance
616,User_616,26,Germany,43535,Marketing
617,User_617,42,Canada,32476,Engineering
618,User_618,63,USA,102372,Engineering
619,User_619,18,USA,42035,Finance
620,User_620,43,India,85361,HR
621,User_621,59,India,44775,Finance
622,User_622,34,Canada,98653,Finance
623,User_623,63,Germany,42046,HR
624,User_624,20,Canada,62272,Marketing
625,User_625,61,USA,74810,Engineering
626,User_626,27,UK,49591,Engineering
627,User_627,37,UK,48720,Finance
628,User_628,40,Canada,97740,Engineering
629,User_629,22,Germany,37274,Sales
630,User_630,63,India,35795,Marketing
631,User_631,21,USA,107513,HR
632,User_632,37,Canada,76738,HR
633,User_633,58,USA,119603,Engineering
634,User_634,22,UK,83335,Finance
635,User_635,63,Canada,65682,Marketing
636,User_636,57,Canada,56150,Finance
637,User_637,44,USA,87084,Finance
638,User_638,38,Canada,49690,Engineering
639,User_639,34,USA,97393,Finance
640,User_640,21,Germany,61125,Finance
641,User_641,25,Canada,99309,Engineering
642,User_642,29,India,104915,Finance
643,User_643,18,Canada,54767,Engineering
644,User_644,54,India,76318,Sales
645,User_645,22,UK,67413,Marketing
646,User_646,45,UK,59659,HR
647,User_647,18,Canada,91115,HR
648,User_648,34,Canada,51629,Marketing
649,User_649,45,India,115362,Sales
650,User_650,41,USA,39274,Finance
651,User_651,36,Canada,48467,Engineering
652,User_652,18,India,71595,Marketing
653,User_653,40,UK,64487,Finance
654,User_654,44,India,68080,Marketing
655,User_655,62,UK,62668,Marketing
656,User_656,35,UK,95674,Engineering
657,User_657,32,Canada,45481,Sales
658,User_658,36,USA,50228,Sales
659,User_659,52,Germany,56677,Marketing
660,User_660,33,Canada,30451,Sales
661,User_661,50,India,114811,Finance
662,User_662,20,UK,95867,Marketing
663,User_663,51,Canada,61536,Finance
664,User_664,27,Canada,116293,Finance
665,User_665,42,Canada,96522,Finance
666,User_666,33,Canada,74653,Engineering
667,User_667,47,Germany,90534,Engineering
668,User_668,49,Canada,95403,Finance
669,User_669,24,UK,65428,HR
670,User_670,40,USA,49858,Marketing
671,User_671,38,Germany,39134,Engineering
672,User_672,23,USA,87264,Finance
673,User_673,34,Canada,92336,Engineering
674,User_674,40,UK,74335,HR
675,User_675,18,USA,59405,Sales
676,User_676,48,USA,98920,Marketing
677,User_677,29,UK,110601,Sales
678,User_678,40,Germany,38610,Sales
679,User_679,28,USA,103580,Marketing
680,User_680,19,USA,101379,HR
681,User_681,60,UK,102108,Finance
682,User_682,58,India,87543,Engineering
683,User_683,56,Canada,46909,Marketing
684,User_684,37,UK,106963,Finance
685,User_685,59,Germany,70177,Marketing
686,User_686,54,USA,47980,Sales
687,User_687,42,Germany,80916,Finance
688,User_688,36,UK,101429,HR
689,User_689,48,Germany,89242,Marketing
690,User_690,41,USA,72199,Marketing
691,User_691,26,UK,86197,Engineering
692,User_692,46,USA,48516,HR
693,User_693,37,UK,106505,Finance
694,User_694,22,India,94553,Finance
695,User_695,36,Canada,90425,Engineering
696,User_696,57,India,65870,Finance
697,User_697,38,Canada,58541,HR
698,User_698,52,USA,79846,Finance
699,User_699,41,Germany,80246,Engineering
700,User_700,59,UK,34733,Finance
701,User_701,48,USA,106992,HR
702,User_702,36,USA,106601,HR
703,User_703,18,Canada,111651,HR
704,User_704,52,UK,58043,Engineering
705,User_705,24,USA,69108,Finance
706,User_706,26,Canada,92446,HR
707,User_707,23,USA,36156,Engineering
708,User_708,51,USA,108344,Marketing
709,User_709,42,UK,47509,Engineering
710,User_710,30,USA,107867,HR
711,User_711,44,India,84714,HR
712,User_712,63,Canada,119999,Marketing
713,User_713,27,India,104866,HR
714,User_714,42,UK,45368,Finance
715,User_715,55,UK,90970,HR
716,User_716,29,USA,54922,Marketing
717,User_717,44,USA,76707,Engineering
718,User_718,49,Canada,113048,Engineering
719,User_719,61,India,106573,Engineering
720,User_720,23,Germany,54200,Engineering
721,User_721,63,Canada,62416,Sales
722,User_722,46,USA,45530,Sales
723,User_723,56,USA,76173,Engineering
724,User_724,58,Canada,61616,Sales
725,User_725,54,UK,86206,Finance
726,User_726,39,Canada,42327,Engineering
727,User_727,56,India,71922,Engineering
728,User_728,36,India,103128,Marketing
729,User_729,25,USA,97009,HR
730,User_730,58,USA,102294,Marketing
731,User_731,20,UK,39750,Sales
732,User_732,18,UK,84231,Sales
733,User_733,49,Germany,93432,Engineering
734,User_734,25,India,35975,Marketing
735,User_735,45,Canada,40339,HR
736,User_736,50,USA,118180,Finance
737,User_737,26,Germany,96557,Finance
738,User_738,64,India,66878,Engineering
739,User_739,48,India,70457,HR
740,User_740,36,India,59731,Engineering
741,User_741,41,USA,59394,Sales
742,User_742,64,Germany,69329,HR
743,User_743,22,India,51292,HR
744,User_744,32,UK,30591,Marketing
745,User_745,32,India,90587,Marketing
746,User_746,25,USA,97501,Sales
747,User_747,33,USA,78764,Marketing
748,User_748,43,India,79899,Marketing
749,User_749,51,Canada,88519,Sales
750,User_750,47,UK,31790,Finance
751,User_751,42,USA,34058,Engineering
752,User_752,53,Germany,111563,Marketing
753,User_753,55,UK,64813,Marketing
754,User_754,60,UK,35838,Marketing
755,User_755,35,India,106962,Sales
756,User_756,27,Canada,62373,Finance
757,User_757,49,USA,46264,Marketing
758,User_758,27,Germany,40294,Sales
759,User_759,42,Canada,73634,Engineering
760,User_760,35,India,103934,Sales
761,User_761,56,Germany,77332,Sales
762,User_762,45,India,113126,Engineering
763,User_763,41,Canada,92342,Finance
764,User_764,56,India,35344,Finance
765,User_765,28,Germany,84919,Marketing
766,User_766,62,India,99433,HR
767,User_767,19,UK,93424,Sales
768,User_768,49,UK,64966,Finance
769,User_769,35,India,53218,Sales
770,User_770,62,Canada,116687,Finance
771,User_771,47,UK,91060,HR
772,User_772,18,India,48745,Sales
773,User_773,50,Canada,61422,Finance
774,User_774,55,Canada,91687,Engineering
775,User_775,34,Germany,67110,Engineering
776,User_776,38,USA,33043,Engineering
777,User_777,64,Germany,80660,Marketing
778,User_778,37,India,117819,Engineering
779,User_779,43,UK,77006,Finance
780,User_780,25,UK,84741,Marketing
781,User_781,31,Canada,93001,Finance
782,User_782,62,USA,116609,HR
783,User_783,38,Canada,113549,Marketing
784,User_784,49,USA,66876,Engineering
785,User_785,24,India,74724,Marketing
786,User_786,18,Germany,81430,Sales
787,User_787,57,Canada,70700,Engineering
788,User_788,53,Canada,42092,HR
789,User_789,57,UK,87254,Finance
790,User_790,21,India,106591,Engineering
791,User_791,31,Canada,63167,HR
792,User_792,53,India,37605,Marketing
793,User_793,18,Germany,67069,Sales
794,User_794,37,UK,69121,Finance
795,User_795,44,USA,37092,Sales
796,User_796,24,Canada,74755,Sales
797,User_797,26,UK,83089,Engineering
798,User_798,18,India,98406,Finance
799,User_799,53,UK,101003,Finance
800,User_800,60,USA,46707,Finance
801,User_801,24,USA,110891,HR
802,User_802,29,USA,34973,Sales
803,User_803,22,India,30907,HR
804,User_804,35,Germany,87926,Engineering
805,User_805,48,Germany,98247,Marketing
806,User_806,53,Canada,113566,Marketing
807,User_807,49,USA,97226,Sales
808,User_808,33,UK,108235,Finance
809,User_809,58,Canada,70715,HR
810,User_810,29,Germany,65827,Engineering
811,User_811,28,Germany,102073,Sales
812,User_812,50,Canada,114072,HR
813,User_813,49,India,113771,Sales
814,User_814,31,USA,70920,HR
815,User_815,58,Canada,72757,Finance
816,User_816,37,Germany,84449,Finance
817,User_817,58,USA,112762,Marketing
818,User_818,41,Canada,30955,Engineering
819,User_819,24,India,37492,HR
820,User_820,38,Canada,91518,Engineering
821,User_821,64,India,106364,Sales
822,User_822,35,UK,45300,HR
823,User_823,31,India,32785,Sales
824,User_824,49,Germany,51729,Finance
825,User_825,35,USA,71404,Sales
826,User_826,20,Canada,70938,Finance
827,User_827,34,USA,81865,Sales
828,User_828,44,Canada,37906,Engineering
829,User_829,64,Canada,31897,HR
830,User_830,55,Canada,86038,Sales
831,User_831,59,Canada,35767,Marketing
832,User_832,31,India,50466,Marketing
833,User_833,62,Germany,76260,Finance
834,User_834,60,India,80595,Sales
835,User_835,47,India,109152,Engineering
836,User_836,51,Germany,64836,Sales
837,User_837,28,Germany,93200,HR
838,User_838,50,Canada,104492,HR
839,User_839,25,USA,110826,Marketing
840,User_840,55,India,61547,Finance
841,User_841,27,Germany,35029,Finance
842,User_842,25,Germany,67376,Engineering
843,User_843,30,Canada,30219,HR
844,User_844,28,Canada,104807,Sales
845,User_845,57,India,45990,Engineering
846,User_846,40,Germany,44330,Marketing
847,User_847,59,Germany,79561,Marketing
848,User_848,33,USA,92397,Sales
849,User_849,38,Germany,102481,HR
850,User_850,45,India,55126,Engineering
851,User_851,60,India,94705,HR
852,User_852,43,India,56958,Engineering
853,User_853,49,USA,92116,Finance
854,User_854,58,India,49154,Finance
855,User_855,60,Germany,44421,Sales
856,User_856,41,UK,118802,Engineering
857,User_857,60,Germany,71655,Sales
858,User_858,21,Canada,96210,Engineering
859,User_859,29,USA,44694,Finance
860,User_860,36,UK,105404,Marketing
861,User_861,43,USA,65085,Marketing
862,User_862,18,Canada,40746,Engineering
863,User_863,50,Canada,111010,Sales
864,User_864,38,India,119131,Sales
865,User_865,34,Canada,95775,Sales
866,User_866,51,Germany,35040,HR
867,User_867,26,UK,104398,Sales
868,User_868,20,UK,95703,Sales
869,User_869,54,Canada,50808,Finance
870,User_870,21,Germany,74247,Finance
871,User_871,45,Germany,90511,Sales
872,User_872,60,India,98050,Marketing
873,User_873,38,USA,68282,Sales
874,User_874,44,USA,69205,Finance
875,User_875,38,USA,71185,Marketing
876,User_876,20,UK,103497,HR
877,User_877,50,Canada,63118,Engineering
878,User_878,31,UK,89775,HR
879,User_879,60,Canada,68018,Marketing
880,User_880,60,Canada,86045,Finance
881,User_881,47,UK,55522,Finance
882,User_882,47,USA,115629,Sales
883,User_883,35,Canada,112926,Finance
884,User_884,41,India,75978,Engineering
885,User_885,43,UK,112264,Engineering
886,User_886,62,Germany,39562,HR
887,User_887,19,Canada,51412,HR
888,User_888,57,USA,46234,Sales
889,User_889,33,UK,84207,HR
890,User_890,24,Canada,50367,HR
891,User_891,25,UK,81497,Sales
892,User_892,58,India,48756,Sales
893,User_893,62,India,39975,HR
894,User_894,29,Germany,108200,Finance
895,User_895,42,Germany,47995,Marketing
896,User_896,28,Canada,64660,HR
897,User_897,60,India,64519,Engineering
898,User_898,35,Germany,76835,HR
899,User_899,18,USA,62286,Engineering
900,User_900,48,Germany,43295,Marketing
901,User_901,53,Canada,49086,Marketing
902,User_902,34,Germany,113158,Engineering
903,User_903,28,USA,106448,Engineering
904,User_904,55,India,84860,HR
905,User_905,35,Germany,95099,Sales
906,User_906,27,UK,118211,Engineering
907,User_907,46,India,47732,Engineering
908,User_908,21,Germany,93010,Sales
909,User_909,41,Canada,117324,Marketing
910,User_910,26,UK,72621,Engineering
911,User_911,18,Canada,92045,Marketing
912,User_912,41,USA,94036,Marketing
913,User_913,23,Germany,102682,Marketing
914,User_914,64,UK,99733,HR
915,User_915,34,UK,104834,Engineering
916,User_916,24,India,63084,Finance
917,User_917,39,India,113374,HR
918,User_918,55,Germany,61602,Sales
919,User_919,45,Germany,47059,HR
920,User_920,39,Germany,109456,Engineering
921,User_921,29,Germany,118787,Marketing
922,User_922,61,USA,112604,HR
923,User_923,50,UK,117389,Marketing
924,User_924,56,Canada,116047,HR
925,User_925,27,UK,106673,Sales
926,User_926,59,USA,36881,HR
927,User_927,23,UK,95383,Finance
928,User_928,58,India,56825,Finance
929,User_929,61,India,43131,Finance
930,User_930,58,UK,72221,Finance
931,User_931,24,USA,97406,Finance
932,User_932,50,India,108545,Marketing
933,User_933,32,USA,32519,Engineering
934,User_934,53,USA,64716,HR
935,User_935,60,USA,37394,Sales
936,User_936,39,India,77161,Marketing
937,User_937,59,USA,75725,Marketing
938,User_938,63,India,88483,Sales
939,User_939,40,Germany,102930,Marketing
940,User_940,44,Germany,103537,Marketing
941,User_941,34,India,79697,Engineering
942,User_942,41,UK,97296,HR
943,User_943,55,UK,44753,Finance
944,User_944,49,Canada,80531,HR
945,User_945,34,USA,79908,Marketing
946,User_946,22,Germany,70327,Marketing
947,User_947,38,India,104156,Sales
948,User_948,18,UK,112874,Finance
949,User_949,30,Canada,108611,HR
950,User_950,19,Canada,108198,HR
951,User_951,61,Germany,117240,Engineering
952,User_952,27,Canada,37068,Marketing
953,User_953,54,Canada,47280,Sales
954,User_954,33,USA,49267,Sales
955,User_955,23,UK,38290,Engineering
956,User_956,28,India,92689,Finance
957,User_957,41,UK,36760,Finance
958,User_958,22,Canada,113810,Marketing
959,User_959,40,UK,44187,Engineering
960,User_960,50,India,77972,Sales
961,User_961,29,Germany,83927,Sales
962,User_962,56,UK,34445,Engineering
963,User_963,43,Canada,53851,Sales
964,User_964,55,USA,55020,Finance
965,User_965,19,India,112951,Marketing
966,User_966,46,UK,64188,Sales
967,User_967,21,UK,87649,Finance
968,User_968,21,Germany,61499,HR
969,User_969,41,Canada,78653,HR
970,User_970,46,Canada,101692,Engineering
971,User_971,30,Canada,47469,Engineering
972,User_972,43,USA,73466,Engineering
973,User_973,63,UK,75718,Engineering
974,User_974,35,India,33367,Engineering
975,User_975,52,Canada,105302,Marketing
976,User_976,18,Canada,40128,Marketing
977,User_977,26,USA,100428,Marketing
978,User_978,46,India,56962,HR
979,User_979,39,USA,89579,Sales
980,User_980,26,India,104585,Marketing
981,User_981,61,Canada,59115,Marketing
982,User_982,18,Germany,41246,Finance
983,User_983,51,USA,86881,Engineering
984,User_984,30,India,90280,HR
985,User_985,55,UK,110383,Marketing
986,User_986,45,Canada,115179,Engineering
987,User_987,38,Canada,80775,Sales
988,User_988,41,USA,113307,Sales
989,User_989,49,India,30593,HR
990,User_990,19,Canada,61574,Sales
991,User_991,60,UK,43962,Finance
992,User_992,64,Canada,57053,Sales
993,User_993,37,UK,84932,Sales
994,User_994,47,UK,98061,Finance
995,User_995,23,Germany,81924,HR
996,User_996,46,Germany,86600,Finance
997,User_997,59,Canada,99839,Finance
998,User_998,20,Germany,50327,Sales
999,User_999,34,UK,86632,HR
1000,User_1000,21,UK,109839,Marketing

